{"cameraMode":{"drawMode":0,"name":"Shaded","section":"Shading Mode"},"sceneLighting":true,"audioPlay":false,"sceneViewState":{"showFog":true,"showMaterialUpdate":false,"showSkybox":true,"showFlares":true,"showImageEffects":true,"showParticleSystems":true},"in2DMode":false,"pivot":{"x":0.3770912289619446,"y":15.604546546936036,"z":-17.011730194091798},"rotation":{"x":0.2511122226715088,"y":0.002057019853964448,"z":-0.0005313419969752431,"w":0.9679556488990784},"size":5.991673469543457,"orthographic":false}